Workbook

Sheet Sheet1
A1: 学号 | B1: 姓名 | C1: 录取专业 | D1: 成绩
A2: 25531058 | B2: 张竞戈 | C2: 2001 数据科学与大数据技术（数据智能） | D2: =VLOOKUP(A2,Sheet2!D:H,5,0) -> 91.1
A3: 25531150 | B3: 杨卓 | C3: 2001 数据科学与大数据技术（数据智能） | D3: =VLOOKUP(A3,Sheet2!D:H,5,0) -> 90.9
A4: 25531127 | B4: 陈嘉李子 | C4: 2001 数据科学与大数据技术（数据智能） | D4: =VLOOKUP(A4,Sheet2!D:H,5,0) -> 90.1
A5: 25531483 | B5: 吕志鹏 | C5: 2001 数据科学与大数据技术（数据智能） | D5: =VLOOKUP(A5,Sheet2!D:H,5,0) -> 86.8
A6: 25531134 | B6: 黄立本 | C6: 2001 数据科学与大数据技术（数据智能） | D6: =VLOOKUP(A6,Sheet2!D:H,5,0) -> 86.1
A7: 25531079 | B7: 祁宁 | C7: 2001 数据科学与大数据技术（数据智能） | D7: =VLOOKUP(A7,Sheet2!D:H,5,0) -> 85.1
A8: 25531631 | B8: 李宇轩 | C8: 2001 数据科学与大数据技术（数据智能） | D8: =VLOOKUP(A8,Sheet2!D:H,5,0) -> 84.8
A9: 25531068 | B9: 姜昊儒 | C9: 2001 数据科学与大数据技术（数据智能） | D9: =VLOOKUP(A9,Sheet2!D:H,5,0) -> 84.5
A10: 25531295 | B10: 佟昊然 | C10: 2001 数据科学与大数据技术（数据智能） | D10: =VLOOKUP(A10,Sheet2!D:H,5,0) -> 83.7
A11: 25531019 | B11: 田苒霏 | C11: 2001 数据科学与大数据技术（数据智能） | D11: =VLOOKUP(A11,Sheet2!D:H,5,0) -> 83.6
A12: 25531228 | B12: 黄梓诚 | C12: 2001 数据科学与大数据技术（数据智能） | D12: =VLOOKUP(A12,Sheet2!D:H,5,0) -> 83.4
A13: 25531297 | B13: 王斯宁 | C13: 2001 数据科学与大数据技术（数据智能） | D13: =VLOOKUP(A13,Sheet2!D:H,5,0) -> 83.1
... A635: 25531314 | B635: 邓涵予 | C635: 8531 软件工程 | D635: =VLOOKUP(A635,Sheet2!D:H,5,0) -> 58.1

Sheet Sheet2
A1: 全局序号 | B1: 页码 | C1: 页内序号 | D1: 学号 | E1: 姓名 | F1: 专业 | G1: 班级 | H1: 学期平均成绩 | I1: 学期成绩排名 | J1: 是否有不及格课程 | K1: 是否修读数学 | L1: 是否具有转专业优先资格 | M1: 是否具有大类专业分流优先资格
A2: 1 | B2: 1 | C2: 1 | D2: 25531513 | E2: 王仁可 | F2: 10010 计算机类 | G2: jsj2517 | H2: 96.5 | I2: 1 | J2: 否 | K2: 是 | L2: 是 | M2: 是
A3: 2 | B3: 1 | C3: 2 | D3: 25531271 | E3: 王雨安 | F3: 10008 计算机类 | G3: jsj2509 | H3: 96.3 | I3: 2 | J3: 否 | K3: 是 | L3: 是 | M3: 是
A4: 3 | B4: 1 | C4: 3 | D4: 25531241 | E4: 王冰 | F4: 10008 计算机类 | G4: jsj2508 | H4: 96.1 | I4: 3 | J4: 否 | K4: 是 | L4: 是 | M4: 是
A5: 4 | B5: 1 | C5: 4 | D5: 25531078 | E5: 牟可欣 | F5: 10008 计算机类 | G5: jsj2503 | H5: 95.8 | I5: 4 | J5: 否 | K5: 是 | L5: 是 | M5: 是
A6: 5 | B6: 1 | C6: 5 | D6: 25531630 | E6: 李沛桐 | F6: 10011 计算机类 | G6: jsj2521 | H6: 95.5 | I6: 5 | J6: 否 | K6: 是 | L6: 是 | M6: 是
A7: 6 | B7: 1 | C7: 6 | D7: 25531301 | E7: 闻新地 | F7: 10008 计算机类 | G7: jsj2510 | H7: 95.2 | I7: 6 | J7: 否 | K7: 是 | L7: 是 | M7: 是
A8: 7 | B8: 1 | C8: 7 | D8: 25531566 | E8: 罗蕊昕 | F8: 10010 计算机类 | G8: jsj2519 | H8: 95.2 | I8: 6 | J8: 否 | K8: 是 | L8: 是 | M8: 是
A9: 8 | B9: 1 | C9: 8 | D9: 25531126 | E9: 常佳亮 | F9: 10008 计算机类 | G9: jsj2505 | H9: 95 | I9: 8 | J9: 否 | K9: 否 | L9: 是 | M9: 是
A10: 9 | B10: 1 | C10: 9 | D10: 25531309 | E10: 白梦茹 | F10: 10008 计算机类 | G10: jsj2511 | H10: 94.9 | I10: 9 | J10: 否 | K10: 是 | L10: 是 | M10: 是
A11: 10 | B11: 1 | C11: 10 | D11: 25531488 | E11: 汪琳 | F11: 10010 计算机类 | G11: jsj2516 | H11: 94.6 | I11: 10 | J11: 否 | K11: 是 | L11: 是 | M11: 是
A12: 11 | B12: 1 | C12: 11 | D12: 25531279 | E12: 柏其其格 | F12: 10008 计算机类 | G12: jsj2510 | H12: 94.5 | I12: 11 | J12: 否 | K12: 是 | L12: 是 | M12: 是
A13: 12 | B13: 1 | C13: 12 | D13: 25531065 | E13: 段牧童 | F13: 10008 计算机类 | G13: jsj2503 | H13: 94.4 | I13: 12 | J13: 否 | K13: 是 | L13: 是 | M13: 是
... A672: 671 | B672: 23 | C672: 11 | D672: 23281025 | E672: 熊奇 | F672: 10008 计算机类 | G672: jsj2501 | H672: 43.4 | I672: 671 | J672: 是 | K672: 否 | L672: 否 | M672: 否
